id,customer_id,customer_name,dog_id,dog_name,booking_date,reservation_date
1,434d921b-68d5-4f25-bd4a-f4668786541d,Aurthur,66cc3287-8613-4db9-b9cc-ad70c01ed04a,Valeriana dioica L. var. sylvatica S. Watson,12/10/2022,12/5/2022
2,1afeff32-afa7-444d-b54f-ce6e1ba73d6a,Nobie,9efaa547-a901-422d-93d1-fe2400e9df38,Sarracenia flava L.,12/26/2022,12/26/2022
3,ee23fd6c-198b-46f1-a825-c3a44fc83a2b,Chrisse,be33402b-f601-4b66-bc0f-233c7b5ab78c,Biatora helvola (Körb.) Hellbom,12/15/2022,12/19/2022
4,cbd468f4-1192-468d-9bbd-0b3c9bc4132b,Janessa,dca82e82-1588-4629-9e61-c340dc77eb6a,Pohlia tundrae Shaw,12/12/2022,12/19/2022
5,28d325c8-5eeb-4198-aebd-bc4cd13ff43f,Goldia,75334e68-e31a-4b6f-a73d-4c8d691dd4ca,Hedeoma dentata Torr.,12/21/2022,12/20/2022
6,eff63ab3-c9d0-4a39-8f28-058a6c60757a,Lamar,72e5c814-2aaa-461e-8934-9c98821e5c33,Senna Mill.,12/30/2022,12/8/2022
7,44570e6e-177b-42f4-80de-5e430ebdf006,Lavinie,67ded813-6717-4ca6-b246-6ab4ef2cc0e7,Rhynchospora microcephala (Britton) Britton,12/20/2022,12/17/2022
8,4e620057-7329-4a66-b6de-4109bea3da3f,Lotte,dd7e54b5-bc24-4246-8b79-fca73d09c8c2,Ramalina calicaris (L.) Fr.,12/30/2022,12/18/2022
9,ec63bf0f-af60-4268-ad44-0c9aeb4c1b03,Simonette,cf91fcf1-5c82-4e4b-a934-222703431dc7,Hesperevax sparsiflora (A. Gray) Greene,12/7/2022,12/10/2022
10,d68dd447-7f1d-452b-bd75-2831c6a4bd88,Bud,c9f515df-9e90-4ca5-a2f3-48dda53b60c1,Helodium Warnst.,12/9/2022,12/15/2022
11,6a8f774e-4b51-4ea8-8e61-04e2f0cc5f92,Teri,12b6e3d8-45fb-4aa6-9fbb-1bfea565ba7e,Rhamnus L.,12/21/2022,12/10/2022
12,d8bde33a-9268-443b-b905-98c58ffce7b5,Salomone,6dc03d10-9116-48f2-81a5-efed88b71cda,Mitreola sessilifolia (J.F. Gmel.) G. Don,12/11/2022,12/12/2022
13,c748bdd7-e3b8-4f59-ac20-25d45e2fac88,Iorgos,12921a27-c567-4172-8c7a-e4aa81998401,Adlumia Raf. ex DC.,12/11/2022,12/9/2022
14,a71bfa9b-472d-4553-b6f1-c58a9675bb46,Jami,da6b3da2-0b25-4868-8876-16bfd967ae6d,Wolffia brasiliensis Weddell,12/26/2022,12/23/2022
15,0b459b0c-5f44-453d-84e8-9d313dfeaf80,Dolf,39f28e10-6212-43b9-89e1-65a0dcabe0fd,Hibiscus kokio Hillebr. ex Wawra ssp. saintjohnianus (Roe) D.M. Bates,12/29/2022,12/4/2022
16,00fd190c-2522-4a4b-9187-23bee56228f9,Goldina,13100cf1-6d9e-45ab-9b96-37e99d25086a,Echinocereus engelmannii (Parry ex Engelm.) Lem. var. engelmannii,12/28/2022,12/19/2022
17,2c7ac437-5302-4aec-99cd-f341c46b86a9,Sallyanne,feb7d5bd-1519-470c-8e80-962b03d09c54,Trisetum orthochaetum Hitchc.,12/16/2022,12/16/2022
18,125c3342-df49-4c29-8ee8-d5126f103c38,Drusy,2e39a46e-27ff-4551-a1e5-d0da86c2dd2d,Carex aurea Nutt.,12/26/2022,12/5/2022
19,c5ba325c-e5cc-407d-b3b2-20c63cbcf35d,Had,11979ec3-8d24-4f22-b6d9-018685b38dd5,Stachys macrantha (K. Koch) Stearn,12/8/2022,12/11/2022
20,62cc49ff-c9de-42aa-bb5c-1523b4fe8450,Giusto,ae95b6ef-e574-4c39-ad02-5024622d9ee4,Salix ×solheimii E.H. Kelso,12/30/2022,12/10/2022
21,3e47380a-cfa6-4ab8-9e73-ab0f20ad1d69,Clive,5fbaf9e6-a3d7-4562-b8a4-2d87d635bd6c,Eriogonum douglasii Benth. var. sublineare (S. Stokes) Reveal,12/6/2022,12/13/2022
22,51d18cd3-1f69-4af8-907e-353a9a9f9d69,Manya,327bd393-a332-44ea-ac55-93554e755fc2,Pectis cylindrica (Fernald) Rydb.,12/9/2022,12/16/2022
23,d589f85a-7adf-4cea-8381-03a16ec01daa,Rheta,d235eed6-35ef-46dc-8496-e987d8ad8390,Yucca recurvifolia Salisb.,12/9/2022,12/31/2022
24,7d916e15-0d0a-4614-b88f-c58007e24a90,Alexandros,e84a9661-5cec-4e4e-8dd5-dd6b49612eb0,Saussurea angustifolia (Willd.) DC.,12/2/2022,12/10/2022
25,3f6c8caa-68eb-470f-841a-7d99c47342d7,Mariejeanne,978c55c4-a84c-4a70-aa6a-a2474ba1921f,Hordeum murinum L. ssp. murinum,12/9/2022,12/9/2022
26,6d4a97d0-74a1-481d-9426-c06dd385b5a4,Vania,b64aa20c-8317-4173-8e6f-26f3e6750877,Lithospermum canescens (Michx.) Lehm.,12/3/2022,12/8/2022
27,68183a98-9850-4ce3-baf5-dfe0f93a49e8,Madelaine,212bc950-14f9-47b2-a24b-38564619c1d4,Adiantum concinnum Humb. & Bonpl. ex Willd.,12/21/2022,12/18/2022
28,e32d6c60-d386-4ba3-bf1f-6a394fcb1bc0,Darya,c10be492-0dfe-4ef2-a618-4f8f8094cd1e,Ajuga genevensis L.,12/25/2022,12/6/2022
29,9584e081-2d7b-41bd-a58c-f7f5d7863004,Brenna,1983a5f0-ac71-451b-85c8-4f1b7877f4dd,Nolina atopocarpa Bartlett,12/8/2022,12/20/2022
30,cb57d8f9-dbd0-45c5-b00a-eb0f54caca43,Olympe,464499ab-7379-48f0-bc05-8cdaaced3cd4,Tortula scotteri R.H. Zander & Steere,12/7/2022,12/28/2022
31,f1cc57a2-ebee-4313-a7ba-14e8ef272ea0,Quint,826d9f26-328c-420f-a2ab-ca1fc7c084ec,Delphinium uliginosum Curran,12/11/2022,12/3/2022
32,cb11ef58-7bfc-400c-a2e4-5ee8e223590b,Austin,d410dced-d70e-4fdf-b98e-e3745e28b5d0,Nidema ottonis (Rchb. f.) Britton & Millsp.,12/20/2022,12/18/2022
33,c0fae8b1-7b2f-4ad4-a375-563ba84dbf4e,Hilde,aca73b17-e5db-4301-b966-e726633cb402,Smelowskia C.A. Mey.,12/26/2022,12/2/2022
34,450e23f4-8684-49ed-a92f-dd59f3d984e6,Karla,19d3470b-2bbb-474b-826c-cffcdb605d3c,Quercus ×rolfsii Small (pro sp.),12/24/2022,12/17/2022
35,7f1201ef-7e8c-4173-8fa5-48037ea5e7e8,Junina,09639820-aad8-4abf-a8d0-d016815e115a,Tripogon Roem. & Schult.,12/29/2022,12/23/2022
36,247bd002-c38d-4224-a4e7-27747657045a,Marcus,f9edf707-a3d8-4fb8-9902-5afdf55a0b86,Alchorneopsis Müll. Arg.,12/21/2022,12/27/2022
37,70c3357b-9d88-4535-93ae-7294dd36596d,Frederik,94198be0-b4ff-4685-8b4f-66ce7007b1d8,Argyroxiphium virescens Hillebr.,12/11/2022,12/26/2022
38,474462d6-8618-4d4c-a282-d63e07a45ccc,Codie,a87f11c1-419e-4fd6-9eae-c63477357b64,Downingia elegans (Douglas ex Lindl.) Torr. var. brachypetala (Gandog.) McVaugh,12/16/2022,12/23/2022
39,8296db34-d544-4ed1-b2b2-9021797208b5,Idalina,f31e7ae5-49b0-48a8-896c-08615d2df6b1,Arabis breweri S. Watson var. pecuniaria Rollins,12/3/2022,12/7/2022
40,0d8af702-dea6-4ef4-8ac8-9f7a3e659185,Annecorinne,c077aa26-ad13-496f-8e38-1d0faccdbdd0,Cyamopsis DC.,12/4/2022,12/16/2022
41,2800e05b-ccf8-43fd-99e9-b0e2ecea131a,Waldemar,a6be675d-8835-4c11-ba53-2876c3038caf,Paederia cruddasiana Prain,12/3/2022,12/5/2022
42,87766c21-4353-4edb-9d79-e0235f4bb5c6,Harrison,161f39af-c7d0-4028-aa3e-760bab88fb3a,Sarracenia oreophila (Kearney) Wherry,12/16/2022,12/31/2022
43,3ebb8e30-a15a-420d-92c6-9b230ec3f6fd,Augustine,e844efbf-41fb-4b4e-9271-d3d3f1754b76,Opuntia polyacantha Haw. var. arenaria (Engelm.) Parfitt,12/20/2022,12/5/2022
44,1c1b4839-8879-451d-93ea-7f7b92c4b250,Darice,fbbd807b-bf09-41f7-90f8-438beaf54aa6,Thelypodiopsis ambigua (S. Watson) Al-Shehbaz var. ambigua,12/21/2022,12/8/2022
45,db4a6e93-1c7b-446f-8073-093c1671a57e,Dan,aeeaca1c-9981-4ff1-804c-3b93e7703e6c,Cyathea pungens (Willd.) Domin,12/10/2022,12/25/2022
46,8bac6ef4-4a5d-4e90-9fdf-64b82c23c00d,Elroy,5522f2e8-ded6-4151-b617-a8dce64c4b2e,Poeltinula Hafellner,12/18/2022,12/19/2022
47,8969e315-848b-46c5-bf69-91222e52a812,Kingsly,bf33b096-6e0a-484b-bb41-f9470ed15fc2,Osmanthus ×fortunei Carrière,12/2/2022,12/7/2022
48,9818a3f2-7cbf-4eda-ad96-e86b45ba946d,Gussy,41da8719-797b-4808-b117-89f39cac31fb,Camissonia Link,12/8/2022,12/29/2022
49,cebecd36-bf0c-4bc9-8718-6de898cbdb8f,Ellery,a0a394e2-cd65-4a9b-8ae1-235db33ea50c,Persea urbaniana Mez,12/13/2022,12/12/2022
50,61ada7cc-6534-40a9-b056-64bc3bbcd223,Sada,5a9641ac-b02a-4f42-9e94-f4a6736bdb05,Carex planostachys Kunze,12/27/2022,12/31/2022
51,2cc4cba1-1ccb-4d28-9b42-9661b30b0c46,Ivory,3caad728-5ec5-4afc-bd43-6168eb8f9402,Habranthus Herb.,12/4/2022,12/1/2022
52,3446dac5-97db-4e93-b1b6-fc390f85a1b3,Raul,20b7e19e-4a13-4a68-977e-2f6dbedbc981,Helocarpon crassipes Th. Fr.,12/22/2022,12/30/2022
53,8dc3bb80-999f-44b6-be5d-6f4724a763ec,Arleen,a5b00f59-8de1-4488-9ed4-7e3cac641d0b,Cistanthe maritima (Nutt.) Hershkovitz,12/25/2022,12/30/2022
54,99b23185-7300-4b81-b1a5-ee996a19e78e,Jone,9b86fcd3-0c50-47cd-a6c8-0ee0425c6c7b,Marsilea oligospora Goodding,12/28/2022,12/10/2022
55,e761f84e-2c5c-42d4-8948-6ad8f89b8bc9,Gregorius,b28fb2b8-8c8a-4473-a089-f6bb22925b9d,Filipendula vulgaris Moench,12/24/2022,12/2/2022
56,17849017-6967-4d29-b59c-3f36d9c61202,Mack,38da67fd-3703-4d55-9b99-1333640ba2dd,Pseudabutilon stuckertii R.E. Fries,12/9/2022,12/26/2022
57,27bad01e-85e5-4fb5-a2e6-50e4eaa84115,Kiersten,ddadbd80-d09e-41eb-8efc-e5fbbf3ff935,Dactylina Nyl.,12/29/2022,12/29/2022
58,2515e3cb-1757-4b46-93b3-51ba47c1469c,Laura,d938d66c-d2ba-4095-9be0-ca8ab07b1897,Rubus illecebrosus Focke,12/24/2022,12/10/2022
59,26fe9eaa-3343-46e6-85e7-e92b02d5989e,Edy,1960211e-da48-471a-9b22-d653fdc18644,Lappula occidentalis (S. Watson) Greene var. occidentalis,12/1/2022,12/25/2022
60,e273ea72-7a5d-4f4a-98e1-09898b75575c,Adriano,19f27f1a-b467-4615-9bd2-ef8a67756dd4,Heterocyphelium leucampyx (Tuck.) Vain.,12/7/2022,12/17/2022
61,f3b26f25-a550-402a-98e6-4db2001faaf8,Keely,8c5e4cea-4b8e-43c7-aee1-1331d9ef8755,Psorothamnus polydenius (Torr. ex S. Watson) Rydb.,12/6/2022,12/4/2022
62,eb7655f7-b9c2-4511-80fe-2de3948d87c2,Freddie,0228a830-40ae-4d9a-9583-ace09f98cdf4,Ericameria nauseosa (Pall. ex Pursh) G.L. Nesom & Baird ssp. nauseosa var. speciosa (Nutt.) G.L. Nesom & Baird,7/31/2022,1/18/2022
63,5bd6623e-8dc9-45eb-a61d-1de78816b050,Jareb,e5ca6189-239b-4fdf-879c-e024b08ac888,Justicia martinsoniana Howard,12/23/2022,12/5/2022
64,54036a94-7008-49a5-b873-251e67de32e8,Dolorita,22ec4e8f-1604-4f0c-aec1-8f3d1068ec63,"Arctostaphylos parryana Lemmon ssp. tumescens J.E. Keeley, L. Boykin & A. Massihi",12/3/2022,12/30/2022
65,4a8c1b8f-dd8b-4109-8f47-8f6fc0c72de5,Elliot,5a2d1d8a-07cc-4748-bf9b-ac9d2e6affb7,Houstonia parviflora Holz. ex Greenm.,12/2/2022,12/13/2022
66,c4345419-8de4-4f31-83b2-f41d1abf194c,Isaiah,44a1a08b-6fe6-480e-8d1e-2eac3c131da7,Navarretia leucocephala Benth. ssp. pauciflora (H. Mason) Day,12/19/2022,12/25/2022
67,1d444112-9dca-4f2c-9163-08e21f991c53,Laughton,7095aba7-4710-4d63-92bc-ca89c5d8822b,Aruncus dioicus (Walter) Fernald var. acuminatus (Rydb.) Rydb. ex H. Hara,12/10/2022,12/14/2022
68,53ecb000-ef50-4da7-a020-3b5915c1f22c,Tildi,b3fefd77-dab3-43d1-8467-a5521e37a0c9,"Rubus ferrofluvius H.A. Davis, A.M. Fuller & T. Davis",12/15/2022,12/8/2022
69,1947bc78-dcd1-4370-af72-92868c20487f,Mart,83e2fb40-8d28-4d41-89b6-e10745ea029e,Polygala chapmanii Torr. & A. Gray,12/17/2022,12/3/2022
70,8d5d7431-8a2c-4b1d-9586-681fb248b9db,Brenda,4f0408dd-a65e-4ea7-a9ec-006414527751,Symphyotrichum ontarionis (Wiegand) G.L. Nesom,12/18/2022,12/30/2022
71,b1b77449-e2ab-41fc-95aa-a12aa195684e,Quint,64d45a1a-9b07-4fac-9fec-f2e9a26ea5b7,Spigelia marilandica (L.) L.,12/22/2022,12/27/2022
72,5a9b01aa-993c-4f70-b1ba-3fef0ff7143a,Claudetta,17b43b29-89af-49e1-b48f-b10d8938bcd5,Phacelia scopulina (A. Nelson) J.T. Howell,12/24/2022,12/23/2022
73,ac4f3e4c-64dd-4960-8c89-f90e292c1f89,Pooh,b98daee9-d201-4ea1-b4a4-89d157135d64,Astragalus gracilis Nutt.,12/9/2022,12/16/2022
74,676ac8ef-727a-467d-82d0-e82f6edbd997,Boyce,1e7a676d-fae4-48cf-b3ba-b4ee08565580,Nerisyrenia Greene,12/16/2022,12/14/2022
75,5bfa189e-0c67-45dc-a73d-95e2123bbb05,Elihu,82c9e302-752f-461f-ad07-dade4afd8879,Selaginella tenella (P. Beauv.) Spring,12/30/2022,12/7/2022
76,a8d711be-ec29-41b2-9f4e-0104daa9558b,Ryan,eb0228f6-d8e5-4d46-aedc-8ec0ea3c8dbc,Draba corrugata S. Watson,12/25/2022,12/4/2022
77,99d8ef10-feae-4dd1-84b8-dc83cd898887,Rhonda,73e55737-4844-4eca-a34c-b0ef38697f7f,Erigeron cronquistii Maguire,12/18/2022,12/4/2022
78,7ebc1bf8-56b4-4e15-9062-708db3df97e2,Leonid,fc6092bc-9e63-469e-b67b-e39ab364f156,Camissonia claviformis (Torr. & Frém.) P.H. Raven ssp. peirsonii (Munz) P.H. Raven,12/29/2022,126/9/2022
79,3b2c643b-aa8b-4a16-97f0-0a85d3347d46,Jeannette,850c6a1e-c630-4a3c-bd39-91414c21f81f,Eucalyptus wandoo Blakely,12/19/2022,12/1/2022
80,78b20d9e-cc99-4222-bd92-688edef74f7b,Hedwiga,b723c600-4d0f-4b15-9fe7-c3900cc5162a,Linum puberulum (Engelm.) A. Heller,12/17/2022,12/23/2022
81,4e63b815-94c6-4976-adf9-136b1589a0f6,Lorelle,bf62cf88-65e6-4891-bcb5-a2fc3e74f64d,Brosimum Sw.,12/12/2022,12/26/2022
82,3ef748b6-c1ce-4b8d-a5f4-8e4ea5bb1470,Bendite,e08755ab-3ed7-4375-a68c-e32e0db0b0ed,Lecanora persimilis (Th. Fr.) Nyl.,12/8/2022,12/18/2022
83,4f25964a-1dd8-4d3d-9225-b788659b7a70,Moises,581f03af-ebe8-4d7e-9e1d-c34fd39b355b,Jacaranda Juss.,12/1/2022,12/30/2022
84,a42e8067-fa08-4766-b855-ec11c0d89d19,Othelia,6b2f8d99-e174-4683-bb7b-911eb4fd855f,Quercus ×joorii Trel.,12/26/2022,12/30/2022
85,f8fb7a94-a391-4a13-85ef-de1ea4b2f2d4,Magda,59e193ef-d7ac-4061-aebf-d55d184489b9,Cytisus Desf.,12/16/2022,12/16/2022
86,1b92e5f8-97ce-455b-9852-717f0bf7a6c1,Ashli,e291d8cd-b4ce-4cd2-a838-2cb7806bc3e2,Funaria polaris Bryhn,12/6/2022,12/8/2022
87,18bef07b-ff4f-4e27-ad57-10be551082c9,Rodolfo,3f6b4919-5f97-411d-b3bd-07e6907330c0,Reussia Endl.,12/18/2022,12/1/2022
88,5bade092-432b-47b3-980d-51c4c98852a2,Rivy,7c53c1cf-ff59-47ae-991a-a28da9d2932b,Nama parvifolium (Torr.) Greenm.,12/16/2022,12/7/2022
89,012a08f7-9062-4a12-b834-ae66253562df,Fallon,9bd7e396-5c7f-4cb4-87b9-819d0d931db5,Muhlenbergia pauciflora Buckley,12/1/2022,12/22/2022
90,f20354ac-f717-478d-87bd-8017ccff1a5d,Markos,13f0811f-4bdc-4d2f-83f9-207556b96be0,Tetraplodon Bruch & Schimp.,12/1/2022,12/3/2022
91,5d77780f-ad6c-487c-b955-6351762258c4,Toddy,7e9d6574-2f0d-490d-9467-0be156d40983,Adenophorus tamariscinus (Kaulf.) Hook. & Grev.,12/19/2022,12/23/2022
92,b71d8e40-65ad-40ac-b246-78a7df6a6d38,Lillis,b58a5699-4b03-4f02-85de-7e2b7fdde569,Marshallia obovata (Walter) Beadle & F.E. Boynt. var. obovata,12/13/2022,12/11/2022
93,594fe1e0-161b-4730-a59f-2be0dc0d10b0,Bradly,ad0a69c0-37bf-424f-a4ad-b957abbb7e2d,Calochortus indecorus Ownbey & M. Peck,12/27/2022,12/27/2022
94,117223ed-a126-4a4e-b08d-d04501e25c99,Suzette,ed2be3d2-4a7c-49bd-bcb1-33a6a0eab08c,Melaleuca acuminata F. Muell.,12/27/2022,12/29/2022
95,2e2ff50a-369b-451f-95f2-c0c5f336499d,Raddy,7216d2ec-819a-411b-b397-0651dfd5457f,Lobelia cardinalis L.,12/8/2022,12/22/2021
96,31d7d3a4-3c6c-4234-8cb6-a37519a84edb,Holly,5b64224d-9326-42ae-a299-a00afdc67708,Bursera simaruba (L.) Sarg.,12/10/2022,12/20/2022
97,b1952110-56f8-402c-8926-6bf81a04d0e0,Ola,9879cee3-f553-4024-81b9-b78cc7ca4c16,Cardamine breweri S. Watson var. orbicularis (Greene) Detling,12/8/2022,12/11/2022
98,bc74a5b8-561b-4da8-9a3f-e31e20d16c55,Sayre,8db7d669-1689-4019-ad9e-e09e24c1437a,Geranium solanderi Carolin,12/23/2022,12/23/2022
99,5333ca49-1a82-489d-9045-9acb7eda463a,Gay,2a99e2f3-7dbb-4566-bc76-2f82008f7258,Wallenia Sw.,12/9/2022,12/17/2022
100,37287375-6203-4be8-b61b-3ecd08582481,Arlana,5fca38bb-bcea-46e5-a199-326d794f87d5,Chromolaena borinquensis (Britton) R.M. King & H. Rob.,12/13/2022,12/17/2022
